product,url product lookup
ITSM,http://dbpedia.org/resource/Service_desk_(ITSM)
ITSM,http://dbpedia.org/resource/Incident_management_(ITSM)
ITSM,http://dbpedia.org/resource/Configuration_Management_(ITSM)
ITSM,http://dbpedia.org/resource/Change_management_(ITSM)
Mainframe computer,http://dbpedia.org/resource/Mainframe_computer
Mainframe computer,http://dbpedia.org/resource/Mainframe_(comics)
Mainframe computer,http://dbpedia.org/resource/Open_mainframe
Mainframe computer,http://dbpedia.org/resource/Mainframe_(G.I._Joe)
Mainframe computer,http://dbpedia.org/resource/Mainframe_audit
Mainframe computer,http://dbpedia.org/resource/Mainframe_computer
Mainframe computer,http://dbpedia.org/resource/IBM_mainframe
Mainframe computer,http://dbpedia.org/resource/Mainframe_(disambiguation)
Mainframe computer,http://dbpedia.org/resource/Open_Mainframe_Project
Mainframe computer,http://dbpedia.org/resource/Early_mainframe_games
Mainframe computer,http://dbpedia.org/resource/Eagle_(Mainframe_Application_Server)
Software Development,http://dbpedia.org/resource/Software_development
Software Development,http://dbpedia.org/resource/Downstream_(software_development)
Software Development,http://dbpedia.org/resource/Fork_(software_development)
Software Development,http://dbpedia.org/resource/Reversion_(software_development)
Software Development,http://dbpedia.org/resource/Artifact_(software_development)
Software Development,http://dbpedia.org/resource/Brownfield_(software_development)
Software Development,http://dbpedia.org/resource/Upstream_(software_development)
Software Development,http://dbpedia.org/resource/Scrum_(software_development)
Software Development,http://dbpedia.org/resource/Spike_(software_development)
Software Development,http://dbpedia.org/resource/Velocity_(software_development)
Software Development,http://dbpedia.org/resource/Software
Software Development,http://dbpedia.org/resource/GrokOla_(software)
Software Development,http://dbpedia.org/resource/Confluence_(software)
Software Development,http://dbpedia.org/resource/CounterSpy_(software)
Software Development,http://dbpedia.org/resource/Wilma_(software)
Software Development,http://dbpedia.org/resource/Forge_(software)
Software Development,http://dbpedia.org/resource/Stet_(software)
Software Development,http://dbpedia.org/resource/Fossil_(software)
Software Development,http://dbpedia.org/resource/INCA_(software)
Software Development,http://dbpedia.org/resource/Houdini_(software)
Mobile application development,http://dbpedia.org/resource/Mobile_application_development
Mobile application development,http://dbpedia.org/resource/Mobile_Application
Mobile application development,http://dbpedia.org/resource/Wisely_(mobile_application)
Mobile application development,http://dbpedia.org/resource/Sonar_(mobile_application)
Mobile application development,http://dbpedia.org/resource/Five-O_(mobile_application)
Mobile application development,http://dbpedia.org/resource/Peeple_(mobile_application)
Mobile application development,http://dbpedia.org/resource/Burner_(mobile_application)
Mobile application development,http://dbpedia.org/resource/Monica_(mobile_application)
Mobile application development,http://dbpedia.org/resource/Yapp_(mobile_application)
Mobile application development,http://dbpedia.org/resource/Banjo_(mobile_application)
Mobile application development,http://dbpedia.org/resource/Google_Maps_(mobile_application)
Mobile application development,http://dbpedia.org/resource/I-Mobile
Mobile application development,http://dbpedia.org/resource/QMobile
Mobile application development,http://dbpedia.org/resource/A-Mobile
Mobile application development,http://dbpedia.org/resource/Mobile-to-mobile_convergence
Mobile application development,http://dbpedia.org/resource/B-Mobile
Mobile application development,http://dbpedia.org/resource/Mobile-Spy
Mobile application development,"http://dbpedia.org/resource/Mobile,_California"
Mobile application development,http://dbpedia.org/resource/T-Mobile
Mobile application development,"http://dbpedia.org/resource/Mobile,_Alabama"
Mobile application development,http://dbpedia.org/resource/Loop_(mobile)
Social Networks,http://dbpedia.org/resource/Social_Networks_(journal)
Social Networks,http://dbpedia.org/resource/Social_network_(sociolinguistics)
Social Networks,http://dbpedia.org/resource/Social_network
Social Networks,http://dbpedia.org/resource/Ello_(social_network)
Social Networks,http://dbpedia.org/resource/Brabble_(social_network)
Social Networks,http://dbpedia.org/resource/Vingle_(social_network)
Social Networks,http://dbpedia.org/resource/Happier_(social_network)
Social Networks,http://dbpedia.org/resource/Eva_(social_network)
Social Networks,http://dbpedia.org/resource/Hello_(social_network)
Social Networks,http://dbpedia.org/resource/Gab_(social_network)
Social Networks,http://dbpedia.org/resource/Social-Demokraten
Social Networks,http://dbpedia.org/resource/Social-Code
Social Networks,http://dbpedia.org/resource/Atomism_(social)
Social Networks,http://dbpedia.org/resource/Chaperone_(social)
Social Networks,http://dbpedia.org/resource/Social
Social Networks,http://dbpedia.org/resource/Norm_(social)
Social Networks,http://dbpedia.org/resource/Social-Economic_Council
Social Networks,http://dbpedia.org/resource/SocialIQ
Social Networks,http://dbpedia.org/resource/SocialGO
Social Networks,http://dbpedia.org/resource/Social-emotional_agnosia
Knife,http://dbpedia.org/resource/Knife
Knife,http://dbpedia.org/resource/Commander_(knife)
Knife,http://dbpedia.org/resource/Kartika_(knife)
Knife,http://dbpedia.org/resource/Rybička_(knife)
Knife,http://dbpedia.org/resource/Okapi_(knife)
Knife,http://dbpedia.org/resource/The_Pocket-knife
Knife,http://dbpedia.org/resource/Corvo_(knife)
Knife,http://dbpedia.org/resource/Knife_(envelope)
Knife,http://dbpedia.org/resource/Knife-footed_frog
Knife,http://dbpedia.org/resource/Knife-edge_effect
Steel,http://dbpedia.org/resource/U.S._Steel
Steel,http://dbpedia.org/resource/All-Steel
Steel,http://dbpedia.org/resource/J.A._Steel
Steel,http://dbpedia.org/resource/Steel
Steel,http://dbpedia.org/resource/Steel-cut_oats
Steel,http://dbpedia.org/resource/Steel-Eyed_Death
Steel,http://dbpedia.org/resource/Silk_+_Steel
Steel,http://dbpedia.org/resource/Steel-blue_flycatcher
Steel,http://dbpedia.org/resource/Bluing_(steel)
Steel,http://dbpedia.org/resource/Steel-toe_boot
Coke (fuel),http://dbpedia.org/resource/Eduardo_Cruz-Coke
Coke (fuel),"http://dbpedia.org/resource/Edward_Coke,_Viscount_Coke"
Coke (fuel),http://dbpedia.org/resource/Luciano_Cruz-Coke
Coke (fuel),http://dbpedia.org/resource/Coke-Jamrong_Samerwong_Stadium
Coke (fuel),http://dbpedia.org/resource/Coke_(album)
Coke (fuel),http://dbpedia.org/resource/Coke_(fuel)
Coke (fuel),http://dbpedia.org/resource/D'Ewes_Coke
Coke (fuel),http://dbpedia.org/resource/Coke_Tunes
Coke (fuel),http://dbpedia.org/resource/New_Coke
Coke (fuel),http://dbpedia.org/resource/Coke_baronets
Cast iron,http://dbpedia.org/resource/Cast_iron
Cast iron,http://dbpedia.org/resource/Cat_Iron
Cast iron,"http://dbpedia.org/resource/Cast,_Finistère"
Cast iron,http://dbpedia.org/resource/C-Cast
Cast iron,http://dbpedia.org/resource/R-CAST
Cast iron,http://dbpedia.org/resource/Cast-iron_architecture
Cast iron,http://dbpedia.org/resource/Cast-iron_cookware
Cast iron,http://dbpedia.org/resource/CAST-256
Cast iron,http://dbpedia.org/resource/Uncanny_X-Cast
Cast iron,http://dbpedia.org/resource/CAST-128
Cast iron,http://dbpedia.org/resource/CAST
Cast iron,http://dbpedia.org/resource/Cast
Slag,http://dbpedia.org/resource/Stringer_(slag)
Slag,http://dbpedia.org/resource/Slag
Slag,http://dbpedia.org/resource/Slag_(welding)
Slag,http://dbpedia.org/resource/Copper_slag
Slag,http://dbpedia.org/resource/Slag_Hill
Slag,http://dbpedia.org/resource/Slag_(play)
Slag,http://dbpedia.org/resource/Slag_om_Norg
Slag,http://dbpedia.org/resource/Buštěhrad_slag_heap
Slag,http://dbpedia.org/resource/Klappar_och_slag
Slag,http://dbpedia.org/resource/Slag_Pile_Annie
Furniture,http://dbpedia.org/resource/Furniture_(EP)
Furniture,http://dbpedia.org/resource/Foot_(furniture)
Furniture,http://dbpedia.org/resource/Furniture
Furniture,http://dbpedia.org/resource/Splat_(furniture)
Furniture,http://dbpedia.org/resource/Hille_(furniture)
Furniture,http://dbpedia.org/resource/Drawer_(furniture)
Furniture,http://dbpedia.org/resource/Vitra_(furniture)
Furniture,http://dbpedia.org/resource/Hutch_(furniture)
Furniture,http://dbpedia.org/resource/Sling_(furniture)
Furniture,http://dbpedia.org/resource/Chop_(furniture)
Postage meters,http://dbpedia.org/resource/Postage_meter
Postage meters,http://dbpedia.org/resource/Postage_due
Postage meters,http://dbpedia.org/resource/Postage_meter
Postage meters,http://dbpedia.org/resource/Postage_(album)
Postage meters,http://dbpedia.org/resource/Postage_Due
Postage meters,http://dbpedia.org/resource/Postage_stamp
Postage meters,http://dbpedia.org/resource/Ghetto_Postage
Postage meters,http://dbpedia.org/resource/Postage_Paid
Postage meters,http://dbpedia.org/resource/Postage_stamp_reuse
Postage meters,http://dbpedia.org/resource/Postage_stamp_design
Postage meters,http://dbpedia.org/resource/Postage_stamp_reprint
Document management system,http://dbpedia.org/resource/Document_management_system
Document management system,http://dbpedia.org/resource/Document
Document management system,http://dbpedia.org/resource/Document!_X
Document management system,http://dbpedia.org/resource/Document-oriented_database
Document management system,http://dbpedia.org/resource/Document-centric_collaboration
Document management system,http://dbpedia.org/resource/Document_1
Document management system,http://dbpedia.org/resource/Document-term_matrix
Document management system,http://dbpedia.org/resource/Commission_(document)
Document management system,http://dbpedia.org/resource/Polyptych_(document)
Document management system,http://dbpedia.org/resource/Document_8
Document management system,http://dbpedia.org/resource/Form_(document)
Franking machines,"http://dbpedia.org/resource/Franking,_Austria"
Franking machines,http://dbpedia.org/resource/Franking
Franking machines,http://dbpedia.org/resource/Mixed_franking
Cake,http://dbpedia.org/resource/Babka_(cake)
Cake,http://dbpedia.org/resource/Campanile_(cake)
Cake,http://dbpedia.org/resource/Merveilleux_(cake)
Cake,http://dbpedia.org/resource/Charlotte_(cake)
Cake,http://dbpedia.org/resource/OE-Cake!
Cake,http://dbpedia.org/resource/Tu_(cake)
Cake,http://dbpedia.org/resource/Cake
Cake,http://dbpedia.org/resource/Mazurek_(cake)
Cake,http://dbpedia.org/resource/Parkin_(cake)
Cake,http://dbpedia.org/resource/Financier_(cake)
Pudding,http://dbpedia.org/resource/Pudding
Pudding,http://dbpedia.org/resource/Milky_(pudding)
Pudding,http://dbpedia.org/resource/Fruit_hat_(pudding)
Pudding,http://dbpedia.org/resource/The_Hasty-Pudding
Pudding,http://dbpedia.org/resource/Figgy_duff_(pudding)
Pudding,http://dbpedia.org/resource/Pudding_corn
Pudding,http://dbpedia.org/resource/White_pudding
Pudding,http://dbpedia.org/resource/Christmas_pudding
Pudding,http://dbpedia.org/resource/Pistachio_pudding
Pudding,http://dbpedia.org/resource/Persimmon_pudding
Frozen pizza,http://dbpedia.org/resource/Celeste_(frozen_pizza)
Frozen pizza,http://dbpedia.org/resource/Frozen_(EP)
Frozen pizza,http://dbpedia.org/resource/Frozen_(House)
Frozen pizza,http://dbpedia.org/resource/Frozen:_Olaf's_Quest
Frozen pizza,http://dbpedia.org/resource/Frozen_(Madonna_song)
Frozen pizza,http://dbpedia.org/resource/Frozen_(Delain_song)
Frozen pizza,http://dbpedia.org/resource/Frozen_(album)
Frozen pizza,http://dbpedia.org/resource/Frozen_(franchise)
Frozen pizza,http://dbpedia.org/resource/Frozen_(soundtrack)
Frozen pizza,http://dbpedia.org/resource/Frozen
Frozen pizza,http://dbpedia.org/resource/Frozen_Head
Baking powder,http://dbpedia.org/resource/Baking_powder
Baking powder,http://dbpedia.org/resource/Baking
Baking powder,http://dbpedia.org/resource/Crust_(baking)
Baking powder,http://dbpedia.org/resource/Blind-baking
Baking powder,http://dbpedia.org/resource/Baking_mix
Baking powder,http://dbpedia.org/resource/Baking_stone
Baking powder,http://dbpedia.org/resource/Baking_chocolate
Baking powder,http://dbpedia.org/resource/Edwards_Baking
Baking powder,http://dbpedia.org/resource/Yamazaki_Baking
Baking powder,http://dbpedia.org/resource/Baking_Pot
Baking powder,http://dbpedia.org/resource/Baking_powder_submarine
Yogurt,http://dbpedia.org/resource/Yogurt
Yogurt,http://dbpedia.org/resource/Brown_Cow_(yogurt)
Yogurt,http://dbpedia.org/resource/Soy_yogurt
Yogurt,http://dbpedia.org/resource/Strained_yogurt
Yogurt,http://dbpedia.org/resource/Colombo_Yogurt
Yogurt,http://dbpedia.org/resource/Yogurt_Mountain
Yogurt,http://dbpedia.org/resource/Frozen_yogurt
Yogurt,http://dbpedia.org/resource/Yogurt_soup
Yogurt,http://dbpedia.org/resource/Kiwi_Yogurt
Yogurt,http://dbpedia.org/resource/YoLo_Frozen_Yogurt
Optical disc,http://dbpedia.org/resource/Optical_disc
Optical disc,http://dbpedia.org/resource/Finalize_(optical_discs)
Optical disc,http://dbpedia.org/resource/Triple_Play_(optical_discs)
Optical disc,http://dbpedia.org/resource/Optical_link
Optical disc,http://dbpedia.org/resource/Optical_amplifier
Optical disc,http://dbpedia.org/resource/Recon_Optical
Optical disc,http://dbpedia.org/resource/Optical_chaos
Optical disc,http://dbpedia.org/resource/Optical_transistor
Optical disc,http://dbpedia.org/resource/Optical_engineering
Optical disc,http://dbpedia.org/resource/Optical_attenuator
Optical disc,http://dbpedia.org/resource/Optical_space
Optical disc,http://dbpedia.org/resource/Optical_depth
Optical disc,http://dbpedia.org/resource/Optical_switch
Photovoltaics,http://dbpedia.org/resource/Photovoltaics
Photovoltaics,http://dbpedia.org/resource/Centrotherm_Photovoltaics
Photovoltaics,http://dbpedia.org/resource/Tatabánya_Photovoltaics_Plant
Photovoltaics,http://dbpedia.org/resource/Opatov_Photovoltaics_Plant
Photovoltaics,http://dbpedia.org/resource/Rétság_Photovoltaics_Plant
Photovoltaics,http://dbpedia.org/resource/Kadaň_Photovoltaics_Plant
Photovoltaics,http://dbpedia.org/resource/Suncore_Photovoltaics
Photovoltaics,http://dbpedia.org/resource/Concentrator_photovoltaics
Photovoltaics,http://dbpedia.org/resource/Biological_photovoltaics
Photovoltaics,http://dbpedia.org/resource/Progress_in_Photovoltaics
Diesel engine,http://dbpedia.org/resource/Diesel_engine
Diesel engine,http://dbpedia.org/resource/GDiesel
Diesel engine,http://dbpedia.org/resource/Diesel-electric_transmission
Diesel engine,http://dbpedia.org/resource/Combined_diesel_and_diesel
Diesel engine,http://dbpedia.org/resource/Turbo-diesel
Diesel engine,http://dbpedia.org/resource/Diesel_(brand)
Diesel engine,http://dbpedia.org/resource/E-diesel
Diesel engine,http://dbpedia.org/resource/Diesel_(film)
Diesel engine,http://dbpedia.org/resource/Diesel-Loco_Modernisation_Works
Diesel engine,http://dbpedia.org/resource/Diesel_(dog)
Diesel engine,http://dbpedia.org/resource/Diesel_(musician)
Engine,http://dbpedia.org/resource/Engine_(Engine_album)
Engine,http://dbpedia.org/resource/Idle_(engine)
Engine,http://dbpedia.org/resource/Overspeed_(engine)
Engine,http://dbpedia.org/resource/Stall_(engine)
Engine,http://dbpedia.org/resource/Detuner_(engine)
Engine,http://dbpedia.org/resource/Cylinder_(engine)
Engine,http://dbpedia.org/resource/Bivalent_(engine)
Engine,http://dbpedia.org/resource/Bore_(engine)
Engine,http://dbpedia.org/resource/Starter_(engine)
Engine,http://dbpedia.org/resource/SDI_(engine)
Commercial vehicle,http://dbpedia.org/resource/Commercial_vehicle
Commercial vehicle,http://dbpedia.org/resource/Commercial_(First)
Commercial vehicle,http://dbpedia.org/resource/Commercial_(Second)
Commercial vehicle,http://dbpedia.org/resource/Commercial-News
Commercial vehicle,http://dbpedia.org/resource/Cheer_Up!_(Commercial)
Commercial vehicle,http://dbpedia.org/resource/Commercial–Broadway_station
Commercial vehicle,http://dbpedia.org/resource/Commercial_(album)
Commercial vehicle,http://dbpedia.org/resource/Commercial
Commercial vehicle,http://dbpedia.org/resource/Sponsor_(commercial)
Commercial vehicle,http://dbpedia.org/resource/Commercial_Street
Commercial vehicle,http://dbpedia.org/resource/Commercial_mortgage
Turbomachinery,http://dbpedia.org/resource/Turbomachinery
Turbomachinery,http://dbpedia.org/resource/Three-dimensional_losses_and_correlation_in_turbomachinery
Unilever,http://dbpedia.org/resource/Unilever
Unilever,http://dbpedia.org/resource/Unilever_Philippines
Unilever,http://dbpedia.org/resource/Unilever_Indonesia
Unilever,http://dbpedia.org/resource/Unilever_Nepal
Unilever,http://dbpedia.org/resource/Unilever_Australasia
Unilever,http://dbpedia.org/resource/Hindustan_Unilever
Unilever,http://dbpedia.org/resource/Unilever_House
Unilever,http://dbpedia.org/resource/Unilever_Ghana
Unilever,http://dbpedia.org/resource/Unilever_Bangladesh_Limited
Unilever,http://dbpedia.org/resource/Unilever_Pakistan_Limited
Rice,"http://dbpedia.org/resource/Rice,_Rice,_Hillman_&_Pedersen"
Rice,http://dbpedia.org/resource/Rice
Rice,"http://dbpedia.org/resource/Rice,_Washington"
Rice,"http://dbpedia.org/resource/Rice,_California"
Rice,http://dbpedia.org/resource/Samba_(rice)
Rice,"http://dbpedia.org/resource/Rice,_Minnesota"
Rice,"http://dbpedia.org/resource/Rice_High_School_(Rice,_Texas)"
Rice,"http://dbpedia.org/resource/Rice,_Virginia"
Rice,"http://dbpedia.org/resource/Rice,_Kansas"
Rice,"http://dbpedia.org/resource/Rice,_Oregon"
Pasta,http://dbpedia.org/resource/Pasta
Pasta,http://dbpedia.org/resource/Fiori_(pasta)
Pasta,http://dbpedia.org/resource/Bavette_(pasta)
Pasta,http://dbpedia.org/resource/Lanterne_(pasta)
Pasta,http://dbpedia.org/resource/Fusi_(pasta)
Pasta,http://dbpedia.org/resource/Gemelli_(pasta)
Pasta,http://dbpedia.org/resource/Orzo_(pasta)
Pasta,http://dbpedia.org/resource/Pasta_primavera
Pasta,http://dbpedia.org/resource/Pasta_(TV_series)
Pasta,http://dbpedia.org/resource/Pasta_salad
Food technology,http://dbpedia.org/resource/Food_technology
Food technology,http://dbpedia.org/resource/Food_Technology_(magazine)
Food technology,http://dbpedia.org/resource/Good_Technology
Food technology,"http://dbpedia.org/resource/Food,_Glorious_Food"
Food technology,http://dbpedia.org/resource/ATN_Food_Food
Food technology,http://dbpedia.org/resource/Spread_(food)
Food technology,http://dbpedia.org/resource/Food
Food technology,http://dbpedia.org/resource/Food_Food_(TV_channel)
Food technology,http://dbpedia.org/resource/Maceration_(food)
Food technology,http://dbpedia.org/resource/Paste_(food)
Food technology,http://dbpedia.org/resource/Denaturation_(food)
Food technology,http://dbpedia.org/resource/Salting_(food)
Food technology,http://dbpedia.org/resource/Satti_(food)
Sauce,http://dbpedia.org/resource/Chasseur_(sauce)
Sauce,http://dbpedia.org/resource/Sauce
Sauce,"http://dbpedia.org/resource/Sauce,_Uruguay"
Sauce,"http://dbpedia.org/resource/Sauce,_Corrientes"
Sauce,http://dbpedia.org/resource/Ají_(sauce)
Sauce,http://dbpedia.org/resource/Salsa_(sauce)
Sauce,http://dbpedia.org/resource/Budu_(sauce)
Sauce,http://dbpedia.org/resource/Sepen_(sauce)
Sauce,http://dbpedia.org/resource/Mojo_(sauce)
Sauce,http://dbpedia.org/resource/Steak_sauce
Production line,http://dbpedia.org/resource/Production_line
Production line,http://dbpedia.org/resource/Production_Line_(ice_hockey)
Production line,http://dbpedia.org/resource/UMTV_(production)
Production line,http://dbpedia.org/resource/(re)Production
Production line,http://dbpedia.org/resource/International_co-production
Production line,http://dbpedia.org/resource/Production–possibility_frontier
Production line,http://dbpedia.org/resource/Pre-production
Production line,http://dbpedia.org/resource/Production_(economics)
Production line,http://dbpedia.org/resource/Oh!_Production
Production line,http://dbpedia.org/resource/Post-production
Production line,http://dbpedia.org/resource/Platform_Post-production
Production line,http://dbpedia.org/resource/Production
Industrial robot,http://dbpedia.org/resource/Industrial_robot
Industrial robot,http://dbpedia.org/resource/Industrial_(First)
Industrial robot,http://dbpedia.org/resource/Industrial_(Second)
Industrial robot,http://dbpedia.org/resource/Autoclave_(industrial)
Industrial robot,"http://dbpedia.org/resource/Industrial,_West_Virginia"
Industrial robot,http://dbpedia.org/resource/Cutaway_(industrial)
Industrial robot,http://dbpedia.org/resource/Industrial_(album)
Industrial robot,http://dbpedia.org/resource/Electro-industrial
Industrial robot,http://dbpedia.org/resource/Industrial-grade_prime
Industrial robot,http://dbpedia.org/resource/Industrial
Industrial robot,"http://dbpedia.org/resource/C.N._Industrial,_Saskatoon"
Machine tool,http://dbpedia.org/resource/Machine_tool
Machine tool,http://dbpedia.org/resource/Drawbar_(machine_tool)
Machine tool,http://dbpedia.org/resource/Machine_(EP)
Machine tool,http://dbpedia.org/resource/NEMA_(machine)
Machine tool,http://dbpedia.org/resource/J–Machine
Machine tool,http://dbpedia.org/resource/Machine_(Higdon)
Machine tool,http://dbpedia.org/resource/Machine
Machine tool,http://dbpedia.org/resource/Machine_to_machine
Machine tool,http://dbpedia.org/resource/Go-Machine
Machine tool,http://dbpedia.org/resource/Stream_X-Machine
Machine tool,http://dbpedia.org/resource/Communicating_X-Machine
Machine tool,http://dbpedia.org/resource/Diatype_(machine)
Dairy products,http://dbpedia.org/resource/Selecta_(dairy_products)
Dairy products,http://dbpedia.org/resource/Dairy_product
Dairy products,http://dbpedia.org/resource/Daigo_(dairy_product)
Dairy products,http://dbpedia.org/resource/Quark_(dairy_product)
Dairy products,http://dbpedia.org/resource/Smetana_(dairy_product)
Dairy products,http://dbpedia.org/resource/So_(dairy_product)
Dairy products,http://dbpedia.org/resource/Crema_(dairy_product)
Dairy products,http://dbpedia.org/resource/Ymer_(dairy_product)
Dairy products,http://dbpedia.org/resource/Dairy
Dairy products,"http://dbpedia.org/resource/Dairy,_Oregon"
Dairy products,http://dbpedia.org/resource/Q_(dairy)
Dairy products,http://dbpedia.org/resource/Clover_(dairy)
Dairy products,http://dbpedia.org/resource/Pauls_(dairy)
Dairy products,http://dbpedia.org/resource/Supercow_(dairy)
Dairy products,http://dbpedia.org/resource/Dairy_(store)
Dairy products,http://dbpedia.org/resource/Dairy_farming
Dairy products,http://dbpedia.org/resource/Dairy_cattle
Dairy products,http://dbpedia.org/resource/Modern_Dairy
Bottled water,http://dbpedia.org/resource/Bottled_water
Bottled water,http://dbpedia.org/resource/Malvern_Water_(bottled_water)
Bottled water,http://dbpedia.org/resource/Bottled_water
Bottled water,http://dbpedia.org/resource/Bottled_gas
Bottled water,http://dbpedia.org/resource/Bottled_Ocean
Bottled water,http://dbpedia.org/resource/Bottled_Passion
Bottled water,http://dbpedia.org/resource/Bottled_in_bond
Bottled water,http://dbpedia.org/resource/Bottled_water_ban
Bottled water,http://dbpedia.org/resource/International_Bottled_Water_Association
Bottled water,http://dbpedia.org/resource/Bottled_in_Blonde
Bottled water,http://dbpedia.org/resource/Bottled_oxygen_(climbing)
Bottled water,http://dbpedia.org/resource/List_of_bottled_water_brands
Baby food,http://dbpedia.org/resource/Baby_food
Baby food,http://dbpedia.org/resource/Baby_Ford
Baby food,"http://dbpedia.org/resource/Baby,_Baby,_Baby_(Jimmy_Witherspoon_album)"
Baby food,http://dbpedia.org/resource/Baby-Baby-Baby_(TLC_song)
Baby food,"http://dbpedia.org/resource/Baby,_Baby"
Baby food,"http://dbpedia.org/resource/Baby,_Baby_(Nicole_&_Hugo_song)"
Baby food,"http://dbpedia.org/resource/Baby,_Baby_Don't_Cry"
Baby food,http://dbpedia.org/resource/Baby_Baby_Baby_(Josh_Stone_song)
Baby food,http://dbpedia.org/resource/Tar-Baby
Baby food,http://dbpedia.org/resource/Ooo_Baby_Baby
Baby food,http://dbpedia.org/resource/Baby_Baby_(The_Vibrators_song)
Baby food,http://dbpedia.org/resource/Cry-Baby
Printing,http://dbpedia.org/resource/Printing
Printing,http://dbpedia.org/resource/Contone_(printing)
Printing,http://dbpedia.org/resource/Hydrographics_(printing)
Printing,http://dbpedia.org/resource/Stereotype_(printing)
Printing,http://dbpedia.org/resource/Stripping_(printing)
Printing,http://dbpedia.org/resource/Quoin_(printing)
Printing,http://dbpedia.org/resource/Bleed_(printing)
Printing,http://dbpedia.org/resource/Forme_(printing)
Printing,http://dbpedia.org/resource/Matrix_(printing)
Printing,http://dbpedia.org/resource/Broadside_(printing)
Printing press,http://dbpedia.org/resource/Printing_press
Printing press,http://dbpedia.org/resource/Printing
Printing press,http://dbpedia.org/resource/Contone_(printing)
Printing press,http://dbpedia.org/resource/Hydrographics_(printing)
Printing press,http://dbpedia.org/resource/Stereotype_(printing)
Printing press,http://dbpedia.org/resource/Stripping_(printing)
Printing press,http://dbpedia.org/resource/Quoin_(printing)
Printing press,http://dbpedia.org/resource/Bleed_(printing)
Printing press,http://dbpedia.org/resource/Forme_(printing)
Printing press,http://dbpedia.org/resource/Matrix_(printing)
Printing press,http://dbpedia.org/resource/Broadside_(printing)
Platesetter,http://dbpedia.org/resource/Platesetter
Machine,http://dbpedia.org/resource/Machine_(EP)
Machine,http://dbpedia.org/resource/NEMA_(machine)
Machine,http://dbpedia.org/resource/J–Machine
Machine,http://dbpedia.org/resource/Machine_(Higdon)
Machine,http://dbpedia.org/resource/Machine
Machine,http://dbpedia.org/resource/Machine_to_machine
Machine,http://dbpedia.org/resource/Go-Machine
Machine,http://dbpedia.org/resource/Stream_X-Machine
Machine,http://dbpedia.org/resource/Communicating_X-Machine
Machine,http://dbpedia.org/resource/Diatype_(machine)
Canning,http://dbpedia.org/resource/Canning_I
Canning,http://dbpedia.org/resource/Canning
Canning,"http://dbpedia.org/resource/Canning,_Liverpool"
Canning,"http://dbpedia.org/resource/Canning,_South_Dakota"
Canning,"http://dbpedia.org/resource/Canning,_Buenos_Aires"
Canning,"http://dbpedia.org/resource/Canning,_Nova_Scotia"
Canning,"http://dbpedia.org/resource/Charlotte_Canning,_Countess_Canning"
Canning,http://dbpedia.org/resource/Robert_Gordon-Canning
Canning,"http://dbpedia.org/resource/Netra,_Canning"
Canning,"http://dbpedia.org/resource/Charles_Canning,_1st_Earl_Canning"
Packaging,http://dbpedia.org/resource/Filler_(packaging)
Packaging,http://dbpedia.org/resource/Packaging_and_packaging_waste_directive
Packaging,http://dbpedia.org/resource/Packaging_World
Packaging,http://dbpedia.org/resource/Resealable_packaging
Packaging,http://dbpedia.org/resource/Gateway_Packaging
Packaging,http://dbpedia.org/resource/Luxury_packaging
Packaging,http://dbpedia.org/resource/Essentra_Packaging
Packaging,http://dbpedia.org/resource/Active_packaging
Packaging,http://dbpedia.org/resource/Packaging_Digest
Packaging,http://dbpedia.org/resource/Packaging_machine
Product lifecycle management,http://dbpedia.org/resource/Product_lifecycle
Product lifecycle management,http://dbpedia.org/resource/Product/market_fit
Product lifecycle management,http://dbpedia.org/resource/Anti-Product
Product lifecycle management,http://dbpedia.org/resource/Facelift_(product)
Product lifecycle management,http://dbpedia.org/resource/Product-form_solution
Product lifecycle management,http://dbpedia.org/resource/Product-determining_step
Product lifecycle management,http://dbpedia.org/resource/Product/process_distinction
Product lifecycle management,http://dbpedia.org/resource/Product_(Sophie_album)
Product lifecycle management,http://dbpedia.org/resource/Product-service_system
Product lifecycle management,http://dbpedia.org/resource/By-product
Product lifecycle management,http://dbpedia.org/resource/Product-based_planning
3D computer graphics,http://dbpedia.org/resource/3D_computer_graphics
3D computer graphics,"http://dbpedia.org/resource/3D_computer_graphics,_CAD"
3D computer graphics,http://dbpedia.org/resource/3M_computer
3D computer graphics,http://dbpedia.org/resource/Loft_(3D)
3D computer graphics,http://dbpedia.org/resource/K2-3d
3D computer graphics,http://dbpedia.org/resource/3D
3D computer graphics,http://dbpedia.org/resource/3d_Wing
3D computer graphics,http://dbpedia.org/resource/3d_Reconnaissance_Squadron
3D computer graphics,http://dbpedia.org/resource/3D@Home_Consortium
3D computer graphics,http://dbpedia.org/resource/3D-printed_spacecraft
3D computer graphics,http://dbpedia.org/resource/3d_Air_Division
3D computer graphics,http://dbpedia.org/resource/3d_Fighter_Squadron_(Commando)
3D computer graphics,http://dbpedia.org/resource/Nato.0+55+3d
Cable harness,http://dbpedia.org/resource/Cable_harness
Cable harness,"http://dbpedia.org/resource/Cable,_Ohio"
Cable harness,"http://dbpedia.org/resource/Cable,_Minnesota"
Cable harness,"http://dbpedia.org/resource/Cable,_Wisconsin"
Cable harness,"http://dbpedia.org/resource/Cable,_Illinois"
Cable harness,"http://dbpedia.org/resource/Cable,_California"
Cable harness,http://dbpedia.org/resource/Cable
Cable harness,http://dbpedia.org/resource/Cable/DSL_gateway
Cable harness,http://dbpedia.org/resource/CableU
Cable harness,http://dbpedia.org/resource/Porter-Cable
Cable harness,http://dbpedia.org/resource/Cable-backed_bow
Power cable,http://dbpedia.org/resource/Power_cable
Power cable,http://dbpedia.org/resource/Power_(Tower_of_Power_album)
Power cable,http://dbpedia.org/resource/Power_(EP)
Power cable,http://dbpedia.org/resource/M-Power
Power cable,http://dbpedia.org/resource/G*Power
Power cable,"http://dbpedia.org/resource/Power,_Montana"
Power cable,http://dbpedia.org/resource/J.D._Power
Power cable,http://dbpedia.org/resource/Tower_Power
Power cable,http://dbpedia.org/resource/Power!
Power cable,http://dbpedia.org/resource/UPower
Power cable,http://dbpedia.org/resource/GT-Power
Telecommunications cable,http://dbpedia.org/resource/Telecommunications_cable
Telecommunications cable,http://dbpedia.org/resource/Play_(telecommunications)
Telecommunications cable,http://dbpedia.org/resource/Vivo_(telecommunications)
Telecommunications cable,http://dbpedia.org/resource/Eir_(telecommunications)
Telecommunications cable,http://dbpedia.org/resource/Callback_(telecommunications)
Telecommunications cable,http://dbpedia.org/resource/Arcor_(telecommunications)
Telecommunications cable,http://dbpedia.org/resource/Bypass_(telecommunications)
Telecommunications cable,http://dbpedia.org/resource/Backhaul_(telecommunications)
Telecommunications cable,http://dbpedia.org/resource/Channelization_(telecommunications)
Telecommunications cable,http://dbpedia.org/resource/Socket_(telecommunications)
Telecommunications cable,http://dbpedia.org/resource/Transposition_(telecommunications)
Bioethanol,http://dbpedia.org/resource/BioEthanol_for_Sustainable_Transport
Sugar,"http://dbpedia.org/resource/Sugar,_Sugar"
Sugar,http://dbpedia.org/resource/Sugar_Sugar_Rune
Sugar,http://dbpedia.org/resource/Sugar
Sugar,http://dbpedia.org/resource/Sugar-baker
Sugar,http://dbpedia.org/resource/Sugar-phosphatase
Sugar,"http://dbpedia.org/resource/Sugar_Sugar,_Inc"
Sugar,http://dbpedia.org/resource/Sugar_(Aloha_album)
Sugar,http://dbpedia.org/resource/Sugar_(TV_series)
Sugar,http://dbpedia.org/resource/Sugar_(software)
Sugar,http://dbpedia.org/resource/Sugar-Salem_High_School
Animal feed,http://dbpedia.org/resource/Animal_feed
Animal feed,http://dbpedia.org/resource/Animal_(Muppet)
Animal feed,http://dbpedia.org/resource/Animal_(EP)
Animal feed,http://dbpedia.org/resource/Title_(animal)
Animal feed,http://dbpedia.org/resource/Breeder_(animal)
Animal feed,http://dbpedia.org/resource/Entire_(animal)
Animal feed,http://dbpedia.org/resource/Stud_(animal)
Animal feed,http://dbpedia.org/resource/Downer_(animal)
Animal feed,http://dbpedia.org/resource/Operculum_(animal)
Animal feed,http://dbpedia.org/resource/Get_(animal)
Animal feed,http://dbpedia.org/resource/Coat_(animal)
Physical plant,http://dbpedia.org/resource/Physical_plant
Physical plant,http://dbpedia.org/resource/Physical_plane
Physical plant,http://dbpedia.org/resource/Physical-to-Virtual
Physical plant,http://dbpedia.org/resource/Physical_(Alcazar_song)
Physical plant,http://dbpedia.org/resource/Physics_(American_Physical_Society_magazine)
Physical plant,http://dbpedia.org/resource/Physical
Physical plant,http://dbpedia.org/resource/Birth_trauma_(physical)
Physical plant,http://dbpedia.org/resource/Physical_(album)
Physical plant,http://dbpedia.org/resource/Physical_oceanography
Physical plant,http://dbpedia.org/resource/Physical_property
Physical plant,http://dbpedia.org/resource/Physical_strength
Physical plant,http://dbpedia.org/resource/Physical_media
Lead acid batteries,http://dbpedia.org/resource/Mead_acid
Lead acid batteries,http://dbpedia.org/resource/Lead–lead_dating
Lead acid batteries,http://dbpedia.org/resource/Lead
Lead acid batteries,http://dbpedia.org/resource/Lead-bismuth_eutectic
Lead acid batteries,"http://dbpedia.org/resource/Lead,_South_Dakota"
Lead acid batteries,http://dbpedia.org/resource/Lead(II)_acetate
Lead acid batteries,http://dbpedia.org/resource/Lead(II)_hydroxide
Lead acid batteries,http://dbpedia.org/resource/Lead(IV)_acetate
Lead acid batteries,http://dbpedia.org/resource/Lead(II)_sulfate
Lead acid batteries,http://dbpedia.org/resource/Lead(II)_nitrate
Lead acid batteries,http://dbpedia.org/resource/Lead(II)_chloride
Textile,http://dbpedia.org/resource/Textile
Textile,http://dbpedia.org/resource/Net_(textile)
Textile,http://dbpedia.org/resource/Textile-reinforced_concrete
Textile,http://dbpedia.org/resource/Suzani_(textile)
Textile,http://dbpedia.org/resource/Hank_(textile)
Textile,http://dbpedia.org/resource/Frieze_(textile)
Textile,http://dbpedia.org/resource/Pill_(textile)
Textile,http://dbpedia.org/resource/Modal_(textile)
Textile,http://dbpedia.org/resource/Bunting_(textile)
Textile,http://dbpedia.org/resource/Crêpe_(textile)
Materials science,http://dbpedia.org/resource/Materials_science
Materials science,http://dbpedia.org/resource/Segregation_(Materials_Science)
Materials science,http://dbpedia.org/resource/Polymorphism_(materials_science)
Materials science,http://dbpedia.org/resource/Asperity_(materials_science)
Materials science,http://dbpedia.org/resource/Dispersion_(materials_science)
Materials science,http://dbpedia.org/resource/Slip_(materials_science)
Materials science,http://dbpedia.org/resource/Characterization_(materials_science)
Materials science,http://dbpedia.org/resource/Resilience_(materials_science)
Materials science,http://dbpedia.org/resource/Kaiser_effect_(material_science)
Materials science,http://dbpedia.org/resource/BCMaterials
Materials science,http://dbpedia.org/resource/Materials_&_Design
Materials science,http://dbpedia.org/resource/Lamella_(materials)
Materials science,http://dbpedia.org/resource/Filler_(materials)
Materials science,http://dbpedia.org/resource/Materials_(journal)
Materials science,http://dbpedia.org/resource/2D_materials
Materials science,http://dbpedia.org/resource/Earth_materials
Materials science,http://dbpedia.org/resource/Materials_informatics
Materials science,http://dbpedia.org/resource/Materials_physics
Materials science,http://dbpedia.org/resource/APL_Materials
Mechatronics,http://dbpedia.org/resource/Mechatronics
Mechatronics,http://dbpedia.org/resource/KTB_mechatronics
Mechatronics,http://dbpedia.org/resource/Mechatronics_and_the_internet_of_things
Haberdashery,http://dbpedia.org/resource/Mellors_Drapery_and_Haberdashery
White goods,http://dbpedia.org/resource/White_gods
White goods,"http://dbpedia.org/resource/White,_White_Dove"
White goods,http://dbpedia.org/resource/White
White goods,http://dbpedia.org/resource/White_White_World
White goods,http://dbpedia.org/resource/White-chested_white-eye
White goods,http://dbpedia.org/resource/White-Westinghouse
White goods,http://dbpedia.org/resource/Grahame-White
White goods,"http://dbpedia.org/resource/White,_Georgia"
White goods,http://dbpedia.org/resource/L.E._White
White goods,http://dbpedia.org/resource/White_on_White
White goods,"http://dbpedia.org/resource/White,_Washington"
Wire,http://dbpedia.org/resource/Wire_(Wire_album)
Wire,http://dbpedia.org/resource/Wire-to-wire
Wire,http://dbpedia.org/resource/Wire
Wire,http://dbpedia.org/resource/1-Wire
Wire,http://dbpedia.org/resource/WIRE_(FM)
Wire,http://dbpedia.org/resource/WIRE-CD
Wire,http://dbpedia.org/resource/(RED)Wire
Wire,http://dbpedia.org/resource/Wire-frame_model
Wire,http://dbpedia.org/resource/Wire-guided_missile
Wire,http://dbpedia.org/resource/General_Motors_Hy-wire
Coating,http://dbpedia.org/resource/Coating
Coating,http://dbpedia.org/resource/Xylan_(coating)
Coating,http://dbpedia.org/resource/Dip-coating
Coating,http://dbpedia.org/resource/Pyrolytic_coating
Coating,http://dbpedia.org/resource/Extrusion_coating
Coating,http://dbpedia.org/resource/Spin_coating
Coating,http://dbpedia.org/resource/Superhydrophobic_coating
Coating,http://dbpedia.org/resource/Film_coating
Coating,http://dbpedia.org/resource/Food_coating
Coating,http://dbpedia.org/resource/Chameleon_coating
Gas turbine,http://dbpedia.org/resource/Gas_turbine
Gas turbine,http://dbpedia.org/resource/Gas_turbine-electric_locomotive
Gas turbine,http://dbpedia.org/resource/Gas_Gas
Gas turbine,http://dbpedia.org/resource/Gas
Gas turbine,http://dbpedia.org/resource/Gas_(Bottom)
Gas turbine,"http://dbpedia.org/resource/Gas,_Kansas"
Gas turbine,http://dbpedia.org/resource/Gas–liquid_contactor
Gas turbine,http://dbpedia.org/resource/Gas-filled_tube
Gas turbine,http://dbpedia.org/resource/Gas-generator_cycle
Gas turbine,http://dbpedia.org/resource/Combined_gas_and_gas
Gas turbine,http://dbpedia.org/resource/Purity_(gas)
Gas turbine,http://dbpedia.org/resource/Gas-operated_reloading
"Maintenance, repair, and operations",http://dbpedia.org/resource/Re-maintenance
"Maintenance, repair, and operations",http://dbpedia.org/resource/Maintenance
"Maintenance, repair, and operations",http://dbpedia.org/resource/Maintenance-free_operating_period
"Maintenance, repair, and operations",http://dbpedia.org/resource/Planned_maintenance
"Maintenance, repair, and operations","http://dbpedia.org/resource/Maintenance,_repair,_and_operations"
"Maintenance, repair, and operations",http://dbpedia.org/resource/Maintenance_Command
"Maintenance, repair, and operations",http://dbpedia.org/resource/Predictive_maintenance
"Maintenance, repair, and operations",http://dbpedia.org/resource/Piano_maintenance
"Maintenance, repair, and operations",http://dbpedia.org/resource/Maintenance_release
"Maintenance, repair, and operations",http://dbpedia.org/resource/Operational_maintenance
Military aviation,http://dbpedia.org/resource/Military_aviation
Military aviation,http://dbpedia.org/resource/Military
Military aviation,http://dbpedia.org/resource/Scrambling_(military)
Military aviation,http://dbpedia.org/resource/Reset_(military)
Military aviation,http://dbpedia.org/resource/Train_(military)
Military aviation,http://dbpedia.org/resource/Rear_(military)
Military aviation,http://dbpedia.org/resource/Assent_(military)
Military aviation,http://dbpedia.org/resource/Mining_(military)
Military aviation,http://dbpedia.org/resource/Outpost_(military)
Military aviation,http://dbpedia.org/resource/Yaya_(military)
Military aviation,http://dbpedia.org/resource/Pathfinder_(military)
Catering,http://dbpedia.org/resource/Catering
Catering,http://dbpedia.org/resource/Catering_(constituency)
Catering,http://dbpedia.org/resource/Mobile_catering
Catering,http://dbpedia.org/resource/System_catering
Catering,http://dbpedia.org/resource/Cashless_catering
Catering,http://dbpedia.org/resource/Rasel_Catering_Singapore
Catering,http://dbpedia.org/resource/Emirates_Flight_Catering
Catering,http://dbpedia.org/resource/Royal_Brunei_Catering
Catering,http://dbpedia.org/resource/Delia's_Canary_Catering
Catering,http://dbpedia.org/resource/Army_Catering_Corps
Oven,http://dbpedia.org/resource/Oven
Oven,http://dbpedia.org/resource/Oven_temperatures
Oven,http://dbpedia.org/resource/Halogen_oven
Oven,http://dbpedia.org/resource/Convection_oven
Oven,http://dbpedia.org/resource/Moorish_oven
Oven,http://dbpedia.org/resource/Clome_oven
Oven,http://dbpedia.org/resource/Bakers_Oven
Oven,http://dbpedia.org/resource/Bedourie_oven
Oven,http://dbpedia.org/resource/Chorkor_oven
Oven,http://dbpedia.org/resource/Masonry_oven
Paper,"http://dbpedia.org/resource/Resurrection_(Paper,_Paper)"
Paper,http://dbpedia.org/resource/Pulp_(paper)
Paper,http://dbpedia.org/resource/F4_(paper)
Paper,http://dbpedia.org/resource/Paper_+_Plastick
Paper,http://dbpedia.org/resource/Paper
Paper,http://dbpedia.org/resource/Page_(paper)
Paper,http://dbpedia.org/resource/Chad_(paper)
Paper,http://dbpedia.org/resource/Chums_(paper)
Paper,http://dbpedia.org/resource/Paper-ruling_machine
Paper,http://dbpedia.org/resource/Paper-towel_dispenser
Helicopter,http://dbpedia.org/resource/Helicopter
Helicopter,http://dbpedia.org/resource/Airwolf_(helicopter)
Helicopter,http://dbpedia.org/resource/Berger-Helicopter
Helicopter,http://dbpedia.org/resource/Helicopter_(Download_album)
Helicopter,http://dbpedia.org/resource/Westland_Widgeon_(helicopter)
Helicopter,http://dbpedia.org/resource/Elvis_(helicopter)
Helicopter,http://dbpedia.org/resource/Blue_Thunder_(helicopter)
Helicopter,http://dbpedia.org/resource/Cargo_hook_(helicopter)
Helicopter,http://dbpedia.org/resource/Westland_Whirlwind_(helicopter)
Helicopter,http://dbpedia.org/resource/Helicopter_AirStair
Dairy product,http://dbpedia.org/resource/Dairy_product
Dairy product,http://dbpedia.org/resource/Daigo_(dairy_product)
Dairy product,http://dbpedia.org/resource/Quark_(dairy_product)
Dairy product,http://dbpedia.org/resource/Smetana_(dairy_product)
Dairy product,http://dbpedia.org/resource/So_(dairy_product)
Dairy product,http://dbpedia.org/resource/Crema_(dairy_product)
Dairy product,http://dbpedia.org/resource/Ymer_(dairy_product)
Dairy product,http://dbpedia.org/resource/Selecta_(dairy_products)
Dairy product,http://dbpedia.org/resource/Dairy
Dairy product,"http://dbpedia.org/resource/Dairy,_Oregon"
Dairy product,http://dbpedia.org/resource/Q_(dairy)
Dairy product,http://dbpedia.org/resource/Clover_(dairy)
Dairy product,http://dbpedia.org/resource/Pauls_(dairy)
Dairy product,http://dbpedia.org/resource/Supercow_(dairy)
Dairy product,http://dbpedia.org/resource/Dairy_(store)
Dairy product,http://dbpedia.org/resource/Dairy_farming
Dairy product,http://dbpedia.org/resource/Dairy_cattle
Dairy product,http://dbpedia.org/resource/Modern_Dairy
Juice,http://dbpedia.org/resource/Juice=Juice
Juice,http://dbpedia.org/resource/Juice_(Juice_Newton_album)
Juice,http://dbpedia.org/resource/Juice_(JVM)
Juice,http://dbpedia.org/resource/Juice_(Oran_%22Juice%22_Jones_album)
Juice,http://dbpedia.org/resource/Boku_(juice)
Juice,http://dbpedia.org/resource/Juicy_Juice
Juice,http://dbpedia.org/resource/Juice
Juice,http://dbpedia.org/resource/Love/Juice
Juice,http://dbpedia.org/resource/Cappy_(juice)
Juice,http://dbpedia.org/resource/Kan-Juice
Conveyor belt,http://dbpedia.org/resource/Conveyor_belt
Conveyor belt,http://dbpedia.org/resource/Conveyor_(sternwheeler)
Conveyor belt,http://dbpedia.org/resource/Conveyor_(band)
Conveyor belt,http://dbpedia.org/resource/Vertical_conveyor
Conveyor belt,http://dbpedia.org/resource/Conveyor_belt
Conveyor belt,http://dbpedia.org/resource/Conveyor_chain
Conveyor belt,http://dbpedia.org/resource/Screw_conveyor
Conveyor belt,http://dbpedia.org/resource/Chain_conveyor
Conveyor belt,http://dbpedia.org/resource/Conveyor_pulley
Conveyor belt,http://dbpedia.org/resource/Conveyor_system
Conveyor belt,http://dbpedia.org/resource/Ropeway_conveyor
Glove,http://dbpedia.org/resource/Gauntlet_(glove)
Glove,http://dbpedia.org/resource/Glove
Glove,http://dbpedia.org/resource/Love_Glove
Glove,http://dbpedia.org/resource/Baseball_glove
Glove,http://dbpedia.org/resource/Oyster_glove
Glove,http://dbpedia.org/resource/Ergonomic_glove
Glove,http://dbpedia.org/resource/Wired_glove
Glove,http://dbpedia.org/resource/Glove_prints
Glove,http://dbpedia.org/resource/Glove_fetishism
Glove,http://dbpedia.org/resource/Body_Glove
Hose (tubing),http://dbpedia.org/resource/Hose
Hose (tubing),"http://dbpedia.org/resource/Hose,_Leicestershire"
Hose (tubing),http://dbpedia.org/resource/HOSE
Hose (tubing),http://dbpedia.org/resource/Hose_reel
Hose (tubing),http://dbpedia.org/resource/Hose_clamp
Hose (tubing),http://dbpedia.org/resource/Hose_(album)
Hose (tubing),http://dbpedia.org/resource/Hose_coupling
Hose (tubing),http://dbpedia.org/resource/Garden_hose
Hose (tubing),http://dbpedia.org/resource/Kelly_hose
Hose (tubing),http://dbpedia.org/resource/Hose_pack
Medical glove,http://dbpedia.org/resource/Medical_glove
Medical glove,http://dbpedia.org/resource/Facies_(medical)
Medical glove,http://dbpedia.org/resource/Elective_(medical)
Medical glove,http://dbpedia.org/resource/Cementation_(medical)
Medical glove,http://dbpedia.org/resource/Medical-surgical_nursing
Medical glove,http://dbpedia.org/resource/Boot_(medical)
Medical glove,http://dbpedia.org/resource/Medical-bill_advocacy
Medical glove,http://dbpedia.org/resource/Banding_(medical)
Medical glove,http://dbpedia.org/resource/Degeneration_(medical)
Medical glove,http://dbpedia.org/resource/Speculum_(medical)
Medical glove,http://dbpedia.org/resource/Dissection_(medical)
Rubber,http://dbpedia.org/resource/Rubber-tyred_metro
Rubber,http://dbpedia.org/resource/Rubber-hose_cryptanalysis
Rubber,http://dbpedia.org/resource/Rubber_(Tamil_novel)
Rubber,http://dbpedia.org/resource/Siping_(rubber)
Rubber,http://dbpedia.org/resource/Rubber_plant
Rubber,http://dbpedia.org/resource/Rubber_glove
Rubber,http://dbpedia.org/resource/Half-rubber
Rubber,http://dbpedia.org/resource/Nitrile_rubber
Rubber,http://dbpedia.org/resource/Rubber_technology
Rubber,http://dbpedia.org/resource/Rubber_band
Electric power transmission,http://dbpedia.org/resource/Electric_power_transmission
Electric power transmission,http://dbpedia.org/resource/Wheeling_(electric_power_transmission)
Electric power transmission,http://dbpedia.org/resource/Electric_power
Electric power transmission,http://dbpedia.org/resource/Booster_(electric_power)
Electric power transmission,http://dbpedia.org/resource/Ancillary_services_(electric_power)
Electric power transmission,http://dbpedia.org/resource/Dynamic_demand_(electric_power)
Electric power transmission,http://dbpedia.org/resource/Electric_Tower
Electric power transmission,http://dbpedia.org/resource/Brush_(electric)
Electric power transmission,http://dbpedia.org/resource/K-Electric
Electric power transmission,http://dbpedia.org/resource/Rotor_(electric)
Electric power transmission,http://dbpedia.org/resource/Super-Electric
Electric power transmission,http://dbpedia.org/resource/9ELECTRIC
Electric power transmission,http://dbpedia.org/resource/Music_technology_(electric)
Electric power transmission,http://dbpedia.org/resource/Electric_(Girlband_song)
Electric power transmission,http://dbpedia.org/resource/Electric-steam_locomotive
Electric power transmission,http://dbpedia.org/resource/Electric_(Robyn_song)
Electric power transmission,http://dbpedia.org/resource/Commutator_(electric)
Biofuel,http://dbpedia.org/resource/Biofuel
Biofuel,http://dbpedia.org/resource/Aviation_biofuel
Biofuel,http://dbpedia.org/resource/Biofuel_in_Italy
Biofuel,http://dbpedia.org/resource/Enzymatic_biofuel_cell
Biofuel,http://dbpedia.org/resource/Biofuel_policy_of_Malaysia
Biofuel,http://dbpedia.org/resource/Biofuel_in_Australia
Biofuel,http://dbpedia.org/resource/Biofuel_in_India
Biofuel,http://dbpedia.org/resource/Sustainable_biofuel
Biofuel,http://dbpedia.org/resource/Biofuel_cell
Biofuel,http://dbpedia.org/resource/Energy_content_of_biofuel
Fruit,http://dbpedia.org/resource/Orange_(fruit)
Fruit,http://dbpedia.org/resource/Rangpur_(fruit)
Fruit,http://dbpedia.org/resource/Ilama_(fruit)
Fruit,http://dbpedia.org/resource/Lime_(fruit)
Fruit,http://dbpedia.org/resource/Samara_(fruit)
Fruit,http://dbpedia.org/resource/Fruit
Fruit,http://dbpedia.org/resource/Peel_(fruit)
Fruit,http://dbpedia.org/resource/Nut_(fruit)
Fruit,http://dbpedia.org/resource/Mandora_(fruit)
Fruit,http://dbpedia.org/resource/Follicle_(fruit)
Pizza,http://dbpedia.org/resource/Pizza_Pizza
Pizza,http://dbpedia.org/resource/Pizza_(EP)
Pizza,http://dbpedia.org/resource/Pizza-La
Pizza,http://dbpedia.org/resource/Tombstone_(pizza)
Pizza,http://dbpedia.org/resource/Pizza
Pizza,http://dbpedia.org/resource/Pizza_(TV_series)
Pizza,http://dbpedia.org/resource/Mr._Pizza
Pizza,http://dbpedia.org/resource/Pizza-ghetti
Pizza,http://dbpedia.org/resource/Pizza_(album)
Pizza,http://dbpedia.org/resource/Pizza_Nova
Starch,http://dbpedia.org/resource/Retrogradation_(starch)
Starch,http://dbpedia.org/resource/Starch
Starch,http://dbpedia.org/resource/Starch_production
Starch,http://dbpedia.org/resource/Potato_starch
Starch,http://dbpedia.org/resource/Corn_starch
Starch,http://dbpedia.org/resource/Resistant_starch
Starch,http://dbpedia.org/resource/Starch_phosphorylase
Starch,http://dbpedia.org/resource/Starch_(game)
Starch,http://dbpedia.org/resource/Modified_starch
Starch,http://dbpedia.org/resource/Starch_gelatinization
Frozen food,http://dbpedia.org/resource/Frozen_food
Frozen food,http://dbpedia.org/resource/Frozen_(EP)
Frozen food,http://dbpedia.org/resource/Frozen_(House)
Frozen food,http://dbpedia.org/resource/Frozen:_Olaf's_Quest
Frozen food,http://dbpedia.org/resource/Frozen_(Madonna_song)
Frozen food,http://dbpedia.org/resource/Frozen_(Delain_song)
Frozen food,http://dbpedia.org/resource/Frozen_(album)
Frozen food,http://dbpedia.org/resource/Frozen_(franchise)
Frozen food,http://dbpedia.org/resource/Frozen_(soundtrack)
Frozen food,http://dbpedia.org/resource/Frozen
Frozen food,http://dbpedia.org/resource/Frozen_Head
Heat shield,http://dbpedia.org/resource/Heat_shield
Heat shield,http://dbpedia.org/resource/Faye_HeavyShield
Heat shield,http://dbpedia.org/resource/Diffuser_(heat)
Heat shield,http://dbpedia.org/resource/Heat
Heat shield,http://dbpedia.org/resource/Heat-Ray
Heat shield,http://dbpedia.org/resource/Heat–Knicks_rivalry
Heat shield,http://dbpedia.org/resource/Heat-affected_zone
Heat shield,http://dbpedia.org/resource/Heat-labile_enterotoxin
Heat shield,http://dbpedia.org/resource/EliteXC:_Heat
Heat shield,http://dbpedia.org/resource/Heat-shrink_tubing
Heat shield,http://dbpedia.org/resource/Heat-only_boiler_station
Heat shield,http://dbpedia.org/resource/Heat-shrinkable_sleeve
Exhaust system,http://dbpedia.org/resource/Exhaust_system
Exhaust system,http://dbpedia.org/resource/Exhaust_(album)
Exhaust system,http://dbpedia.org/resource/Exhaust
Exhaust system,http://dbpedia.org/resource/Exhaust_(band)
Exhaust system,http://dbpedia.org/resource/Exhaust_brake
Exhaust system,http://dbpedia.org/resource/Lemaître_exhaust
Exhaust system,http://dbpedia.org/resource/Exhaust_system
Exhaust system,http://dbpedia.org/resource/Tuned_exhaust
Exhaust system,http://dbpedia.org/resource/Exhaust_mixer
Exhaust system,http://dbpedia.org/resource/Diesel_exhaust
Exhaust system,http://dbpedia.org/resource/Exhaust_gas
Auto parts,http://dbpedia.org/resource/U.S._Auto_Parts
Auto parts,http://dbpedia.org/resource/Auto-Sleepers
Auto parts,http://dbpedia.org/resource/Auto-Wheel
Auto parts,http://dbpedia.org/resource/Auto-Mixte
Auto parts,http://dbpedia.org/resource/Auto-Latex_Equations
Auto parts,"http://dbpedia.org/resource/Auto,_West_Virginia"
Auto parts,http://dbpedia.org/resource/Auto-Saharan_Company
Auto parts,http://dbpedia.org/resource/Auto-destructive_art
Auto parts,http://dbpedia.org/resource/Auto-Transportes_Banderilla
Auto parts,http://dbpedia.org/resource/Escuderia_TEC-Auto
Auto parts,http://dbpedia.org/resource/Auto-Tune
Folding bicycle,http://dbpedia.org/resource/Folding_bicycle
Folding bicycle,http://dbpedia.org/resource/Folding@home
Folding bicycle,http://dbpedia.org/resource/Wet-folding
Folding bicycle,http://dbpedia.org/resource/E-folding
Folding bicycle,http://dbpedia.org/resource/Folding
Folding bicycle,http://dbpedia.org/resource/Folding_(DSP_implementation)
Folding bicycle,http://dbpedia.org/resource/Folding_machine
Folding bicycle,http://dbpedia.org/resource/Folding_editor
Folding bicycle,http://dbpedia.org/resource/Folding_(chemistry)
Folding bicycle,http://dbpedia.org/resource/Folding_boat
Folding bicycle,http://dbpedia.org/resource/Folding_camera
Duvet,http://dbpedia.org/resource/Duvet
Duvet,http://dbpedia.org/resource/Duvet_day
Duvet,http://dbpedia.org/resource/Jean_Duvet
Duvet,http://dbpedia.org/resource/The_Magical_Duvet
Bedstead,http://dbpedia.org/resource/Bedstead_-_Mode7_Fonts
Bedstead,http://dbpedia.org/resource/Devils_Bedstead_East
Bedstead,http://dbpedia.org/resource/North_Gypsum_Creek_Truss_Leg_Bedstead_Bridge
Bedstead,"http://dbpedia.org/resource/Bedstead_Corner_and_The_Nook,_Isle_of_Man"
Bed,"http://dbpedia.org/resource/Bed,_Bed,_Bed"
Bed,http://dbpedia.org/resource/Bed
Bed,http://dbpedia.org/resource/Cradle_(bed)
Bed,http://dbpedia.org/resource/Bed-Sitter_Images
Bed,http://dbpedia.org/resource/Box-bed
Bed,http://dbpedia.org/resource/Bed-e_Khva
Bed,http://dbpedia.org/resource/Bed-making
Bed,http://dbpedia.org/resource/Bed-In
Bed,http://dbpedia.org/resource/Bed-mould
Bed,http://dbpedia.org/resource/Protect-A-Bed
Futon,http://dbpedia.org/resource/Futon
Futon,http://dbpedia.org/resource/Futon_dryer
Futon,http://dbpedia.org/resource/FUTON_bias
Futon,http://dbpedia.org/resource/Futon_Shop
Futon,http://dbpedia.org/resource/The_Futon_Critic
Futon,http://dbpedia.org/resource/Banned_Book:_Flesh_Futon
Futon,"http://dbpedia.org/resource/A_Woman,_Her_Men,_and_Her_Futon"
Pillows,http://dbpedia.org/resource/Pacific_Pillows
Pillows,http://dbpedia.org/resource/The_Pillows
Pillows,http://dbpedia.org/resource/Pillows_&_Prayers
Pillows,http://dbpedia.org/resource/Satin_Pillows
Pillows,http://dbpedia.org/resource/The_Pillows_discography
Pillows,http://dbpedia.org/resource/The_Silly_Pillows
Pillows,http://dbpedia.org/resource/Pillows_and_Blankets
Pillows,http://dbpedia.org/resource/Fancy_Satin_Pillows
Pillows,http://dbpedia.org/resource/Smile_(The_Pillows_album)
Pillows,http://dbpedia.org/resource/Girlfriend_(The_Pillows_song)
Mattress,http://dbpedia.org/resource/Mattress_(Glee)
Mattress,http://dbpedia.org/resource/Mattress
Mattress,http://dbpedia.org/resource/Mattress_Barn
Mattress,http://dbpedia.org/resource/Mattress_Lot
Mattress,http://dbpedia.org/resource/Mattress_Giant
Mattress,http://dbpedia.org/resource/Mattress_protector
Mattress,http://dbpedia.org/resource/Orthopedic_mattress
Mattress,http://dbpedia.org/resource/Mattress_pad
Mattress,http://dbpedia.org/resource/Ortho_Mattress
Mattress,http://dbpedia.org/resource/Mattress_coil
AVEVA,http://dbpedia.org/resource/Aveva
Health care industry,http://dbpedia.org/resource/Healthcare_industry
Health care industry,http://dbpedia.org/resource/Health_care
Health care industry,http://dbpedia.org/resource/SAPPHIRE_(Health_care)
Health care industry,http://dbpedia.org/resource/Health_Care_(The_Office)
Health care industry,http://dbpedia.org/resource/Isolation_(health_care)
Health care industry,http://dbpedia.org/resource/Urinal_(health_care)
Health care industry,http://dbpedia.org/resource/UK_HealthCare
Health care industry,http://dbpedia.org/resource/HealthCare_Volunteer
Health care industry,http://dbpedia.org/resource/LG_Household_&_Health_Care
Health care industry,http://dbpedia.org/resource/Service_Excellence_–_Health_Care
Health care industry,http://dbpedia.org/resource/BJC_HealthCare
Health care industry,http://dbpedia.org/resource/Health_(Health_album)
Health care industry,http://dbpedia.org/resource/Health//Disco
Health care industry,http://dbpedia.org/resource/Health::Disco2
Health care industry,http://dbpedia.org/resource/MHealth
Health care industry,http://dbpedia.org/resource/Health
Health care industry,http://dbpedia.org/resource/EHealth
Health care industry,http://dbpedia.org/resource/XLHealth
Health care industry,http://dbpedia.org/resource/Health-EU_portal
Health care industry,http://dbpedia.org/resource/IHealth
Health care industry,http://dbpedia.org/resource/Viva!_Health
Collagen,http://dbpedia.org/resource/Collagen
Collagen,http://dbpedia.org/resource/Collagen-induced_arthritis
Collagen,http://dbpedia.org/resource/Type-V_collagen
Collagen,http://dbpedia.org/resource/Hydrolyzed_collagen
Collagen,"http://dbpedia.org/resource/Collagen,_type_X,_alpha_1"
Collagen,http://dbpedia.org/resource/FACIT_collagen
Collagen,http://dbpedia.org/resource/Alpha_collagen
Collagen,"http://dbpedia.org/resource/Collagen,_type_IX,_alpha_1"
Collagen,"http://dbpedia.org/resource/Collagen,_type_I,_alpha_1"
Collagen,"http://dbpedia.org/resource/Collagen,_type_XII,_alpha_1"
Cosmetics,http://dbpedia.org/resource/Cosmetics
Cosmetics,http://dbpedia.org/resource/Origins_(cosmetics)
Cosmetics,http://dbpedia.org/resource/Veil_(cosmetics)
Cosmetics,http://dbpedia.org/resource/Foundation_(cosmetics)
Cosmetics,http://dbpedia.org/resource/Fabergé_(cosmetics)
Cosmetics,http://dbpedia.org/resource/Cargo_(cosmetics)
Cosmetics,http://dbpedia.org/resource/Artistry_(cosmetics)
Cosmetics,http://dbpedia.org/resource/Urban_Decay_(cosmetics)
Cosmetics,http://dbpedia.org/resource/Cosmetics_&_Toiletries
Cosmetics,http://dbpedia.org/resource/Hard_Candy_(cosmetics)
Mirror,"http://dbpedia.org/resource/Mirror,_Mirror_(film)"
Mirror,"http://dbpedia.org/resource/Mirror,_Mirror_(EP)"
Mirror,"http://dbpedia.org/resource/Mirror,_Mirror_(novel)"
Mirror,"http://dbpedia.org/resource/Mirror,_Mirror_(Amazing_Stories)"
Mirror,"http://dbpedia.org/resource/Mirror,_Mirror_II"
Mirror,"http://dbpedia.org/resource/Mirror,_Mirror_(TV_series)"
Mirror,"http://dbpedia.org/resource/Mirror,_Mirror_(Diamond_Rio_song)"
Mirror,http://dbpedia.org/resource/Mirror_Mirror_(House)
Mirror,"http://dbpedia.org/resource/Mirror,_Mirror_(film)__Mirror,_Mirror__1"
Mirror,"http://dbpedia.org/resource/Mirror,_Mirror_(Stevie_Nicks_album)"
Carpet,http://dbpedia.org/resource/Carpet
Carpet,http://dbpedia.org/resource/Carpet_(album)
Carpet,http://dbpedia.org/resource/Carpet_(solitaire)
Carpet,http://dbpedia.org/resource/Arabian_carpet
Carpet,http://dbpedia.org/resource/Magic_carpet
Carpet,http://dbpedia.org/resource/Stair_carpet
Carpet,http://dbpedia.org/resource/Ersari_carpet
Carpet,http://dbpedia.org/resource/Coronation_Carpet
Carpet,http://dbpedia.org/resource/Baharestan_Carpet
Carpet,http://dbpedia.org/resource/Carpet_plot
Crafts,http://dbpedia.org/resource/Crafts_&_Meister
Crafts,http://dbpedia.org/resource/Arts&Crafts
Crafts,http://dbpedia.org/resource/Rural_crafts
Crafts,http://dbpedia.org/resource/James_Crafts
Crafts,http://dbpedia.org/resource/Rainbow_Crafts
Crafts,http://dbpedia.org/resource/Friedel–Crafts_reaction
Crafts,http://dbpedia.org/resource/Clayton_E._Crafts
Crafts,http://dbpedia.org/resource/Samuel_C._Crafts
Crafts,http://dbpedia.org/resource/Crafts_Council
Crafts,http://dbpedia.org/resource/Lisa_Crafts
Quilt,http://dbpedia.org/resource/Quilt
Quilt,http://dbpedia.org/resource/Quilt_(software)
Quilt,http://dbpedia.org/resource/Quilt_(album)
Quilt,http://dbpedia.org/resource/Monument_Quilt
Quilt,http://dbpedia.org/resource/Quilt_trail
Quilt,http://dbpedia.org/resource/Quilt_Treasures
Quilt,http://dbpedia.org/resource/Tristan_Quilt
Quilt,http://dbpedia.org/resource/Quilt_Index
Quilt,http://dbpedia.org/resource/Crazy_Quilt
Quilt,http://dbpedia.org/resource/Quilt_National
Blinds,http://dbpedia.org/resource/Pleated_blinds
Blinds,http://dbpedia.org/resource/Chopping_the_blinds
Blinds,http://dbpedia.org/resource/Hillarys_Blinds
Blinds,http://dbpedia.org/resource/Blinds_(disambiguation)
Blinds,http://dbpedia.org/resource/The_Light_That_Blinds
Blinds,http://dbpedia.org/resource/WindowBlinds
Blinds,http://dbpedia.org/resource/The_Country_of_Blinds
Blinds,http://dbpedia.org/resource/Red_Blinds_the_Foolish
Blinds,http://dbpedia.org/resource/Ridin'_on_the_Blinds
Blinds,http://dbpedia.org/resource/Behind_The_Blinds_AKA_Filmmaking_101
Dining,http://dbpedia.org/resource/Communal_dining
Dining,http://dbpedia.org/resource/Dining_room
Dining,http://dbpedia.org/resource/Social_dining
Dining,http://dbpedia.org/resource/Healthy_Dining
Dining,http://dbpedia.org/resource/Dining_in
Dining,http://dbpedia.org/resource/Dining_rights
Dining,http://dbpedia.org/resource/Dining_club
Dining,http://dbpedia.org/resource/Dining_Downunder
Dining,http://dbpedia.org/resource/Dining_car
Dining,http://dbpedia.org/resource/Dark_dining
Decor,http://dbpedia.org/resource/Decor_Cabinets
Decor,http://dbpedia.org/resource/Elle_Decor
Decor,http://dbpedia.org/resource/Gat_Decor
Decor,http://dbpedia.org/resource/Panos_Aravantinos_Decor_Museum
Decor,http://dbpedia.org/resource/Gat_Decor__1
Decor,http://dbpedia.org/resource/1960s_decor
Decor,http://dbpedia.org/resource/Narrow_gauge_railway_of_Decor-1_factory
Pictures,http://dbpedia.org/resource/&_Pictures
Pictures,http://dbpedia.org/resource/S_Pictures
Pictures,http://dbpedia.org/resource/TriStar_Pictures
Pictures,http://dbpedia.org/resource/Pictures_(Atlanta_album)
Pictures,http://dbpedia.org/resource/Pictures_(film)
Pictures,http://dbpedia.org/resource/NWave_Pictures
Pictures,http://dbpedia.org/resource/SModcast_Pictures
Pictures,http://dbpedia.org/resource/Souwar_–_Pictures
Pictures,http://dbpedia.org/resource/WestWind_Pictures
Pictures,http://dbpedia.org/resource/AgostoDos_Pictures
Lighting,http://dbpedia.org/resource/Lighting
Lighting,http://dbpedia.org/resource/Fade_(lighting)
Lighting,http://dbpedia.org/resource/Flag_(lighting)
Lighting,http://dbpedia.org/resource/Special_(lighting)
Lighting,http://dbpedia.org/resource/Gobo_(lighting)
Lighting,http://dbpedia.org/resource/RDM_(lighting)
Lighting,http://dbpedia.org/resource/Chase_(lighting)
Lighting,http://dbpedia.org/resource/Color_magazine_(lighting)
Lighting,http://dbpedia.org/resource/Butterfly_(lighting)
Lighting,http://dbpedia.org/resource/Lighting-up_time
Bathroom,http://dbpedia.org/resource/Bathroom
Bathroom,http://dbpedia.org/resource/Bathroom_cabinet
Bathroom,http://dbpedia.org/resource/Bathroom_sex
Bathroom,http://dbpedia.org/resource/Modern_Bathroom
Bathroom,http://dbpedia.org/resource/Fin_bathroom
Bathroom,http://dbpedia.org/resource/Bathroom_singing
Bathroom,http://dbpedia.org/resource/Bathroom_Divas
Bathroom,http://dbpedia.org/resource/Bathroom_Floor
Bathroom,http://dbpedia.org/resource/Bathroom_Wall
Bathroom,http://dbpedia.org/resource/Bathroom_Break
Fabrics,http://dbpedia.org/resource/Hancock_Fabrics
Fabrics,http://dbpedia.org/resource/Gore_(fabrics)
Fabrics,http://dbpedia.org/resource/Performance_fabrics
Fabrics,http://dbpedia.org/resource/3D_braided_fabrics
Fabrics,http://dbpedia.org/resource/IP_Fabrics
Fabrics,http://dbpedia.org/resource/List_of_fabrics
Fabrics,"http://dbpedia.org/resource/Vector_Fabrics,_B.V."
Fabrics,http://dbpedia.org/resource/Basic_knitted_fabrics
Fabrics,http://dbpedia.org/resource/Gopalpur_Tussar_Fabrics
Fabrics,http://dbpedia.org/resource/Kotpad_Handloom_fabrics
Flowers,"http://dbpedia.org/resource/Flowers,_Mississippi"
Flowers,http://dbpedia.org/resource/H.H._Flowers
Flowers,http://dbpedia.org/resource/Sarah_Tenant-Flowers
Flowers,"http://dbpedia.org/resource/Flowers,_North_Carolina"
Flowers,http://dbpedia.org/resource/Flowers_(Casiopea_album)
Flowers,"http://dbpedia.org/resource/Brian_Flowers,_Baron_Flowers"
Flowers,http://dbpedia.org/resource/Flowers_(magazine)
Flowers,http://dbpedia.org/resource/Flowers_(TV_series)
Flowers,http://dbpedia.org/resource/(Nothing_But)_Flowers
Flowers,http://dbpedia.org/resource/Pipes_&_Flowers
Pets,http://dbpedia.org/resource/Rainbow_Bridge_(pets)
Pets,http://dbpedia.org/resource/Legion_of_Super-Pets
Pets,http://dbpedia.org/resource/Pets_(song)
Pets,http://dbpedia.org/resource/Pets_(film)
Pets,http://dbpedia.org/resource/Pornstar_Pets
Pets,http://dbpedia.org/resource/PETS
Pets,http://dbpedia.org/resource/Pets_for_Vets
Pets,http://dbpedia.org/resource/Pets_101
Pets,http://dbpedia.org/resource/Pets_(TV_series)
Pets,http://dbpedia.org/resource/YummyPets
Cushions,http://dbpedia.org/resource/Endocardial_cushions
Cushions,http://dbpedia.org/resource/Soft_Cushions
Automotive industry,http://dbpedia.org/resource/Automotive_industry
Automotive industry,http://dbpedia.org/resource/Fuse_(automotive)
Automotive industry,http://dbpedia.org/resource/Aftermarket_(automotive)
Automotive industry,http://dbpedia.org/resource/Fioravanti_(automotive)
Automotive industry,http://dbpedia.org/resource/Facelift_(automotive)
Automotive industry,http://dbpedia.org/resource/Scavenging_(automotive)
Automotive industry,http://dbpedia.org/resource/Diffuser_(automotive)
Automotive industry,http://dbpedia.org/resource/Toe_(automotive)
Automotive industry,http://dbpedia.org/resource/GreenTech_Automotive
Automotive industry,http://dbpedia.org/resource/The_Club_(automotive)
Automotive industry,http://dbpedia.org/resource/Line_technician_(automotive)
Aerospace manufacturer,http://dbpedia.org/resource/Aerospace_manufacturer
Aerospace manufacturer,http://dbpedia.org/resource/Aerospace
Aerospace manufacturer,http://dbpedia.org/resource/B/E_Aerospace
Aerospace manufacturer,http://dbpedia.org/resource/BrahMos_Aerospace
Aerospace manufacturer,http://dbpedia.org/resource/Bristol_Aerospace
Aerospace manufacturer,http://dbpedia.org/resource/Cascade_Aerospace
Aerospace manufacturer,http://dbpedia.org/resource/Aerospace_manufacturer
Aerospace manufacturer,http://dbpedia.org/resource/Align_Aerospace
Aerospace manufacturer,http://dbpedia.org/resource/Aerospace_Week
Aerospace manufacturer,http://dbpedia.org/resource/Ford_Aerospace
Aerospace manufacturer,http://dbpedia.org/resource/Stone_Aerospace
Energy development,http://dbpedia.org/resource/Energy_development
Energy development,http://dbpedia.org/resource/Accumulator_(energy)
Energy development,http://dbpedia.org/resource/Energy
Energy development,http://dbpedia.org/resource/Energy-Safety_and_Energy-Economy
Energy development,http://dbpedia.org/resource/UN-Energy
Energy development,"http://dbpedia.org/resource/Energy,_Mississippi"
Energy development,http://dbpedia.org/resource/KT_(energy)
Energy development,http://dbpedia.org/resource/RT_(energy)
Energy development,http://dbpedia.org/resource/Energy-Quest
Energy development,"http://dbpedia.org/resource/Energy,_Texas"
Energy development,"http://dbpedia.org/resource/Energy,_Illinois"
Truck,http://dbpedia.org/resource/Clydesdale_(truck)
Truck,http://dbpedia.org/resource/Blacksmith_(truck)
Truck,http://dbpedia.org/resource/Maniac_(truck)
Truck,http://dbpedia.org/resource/Arachnaphobia_(truck)
Truck,http://dbpedia.org/resource/Bulldozer_(truck)
Truck,http://dbpedia.org/resource/Bigfoot_(truck)
Truck,http://dbpedia.org/resource/M54_(truck)
Truck,http://dbpedia.org/resource/Cyborg_(truck)
Truck,http://dbpedia.org/resource/Truck
Truck,http://dbpedia.org/resource/Truck-driving_country
Door,"http://dbpedia.org/resource/Door,_Door"
Door,http://dbpedia.org/resource/Door_Door
Door,http://dbpedia.org/resource/Door-to-door
Door,http://dbpedia.org/resource/Fingerplate_(door)
Door,http://dbpedia.org/resource/Threshold_(door)
Door,http://dbpedia.org/resource/Door
Door,http://dbpedia.org/resource/Door_to_Door_(Modern_Family)
Door,http://dbpedia.org/resource/Door_to_Door_Storage
Door,http://dbpedia.org/resource/Poor_door
Door,http://dbpedia.org/resource/Door_to_Door_(film)
Lock (security device),http://dbpedia.org/resource/Lock_&_Lock
Lock (security device),http://dbpedia.org/resource/Pickett's_Lock_(lock)
Lock (security device),http://dbpedia.org/resource/Enfield_Lock_(lock)
Lock (security device),http://dbpedia.org/resource/Lock_(Waltz)
Lock (security device),http://dbpedia.org/resource/Seal-Lock
Lock (security device),http://dbpedia.org/resource/Key_(lock)
Lock (security device),http://dbpedia.org/resource/Best-Lock
Lock (security device),"http://dbpedia.org/resource/Lock,_Stock..."
Lock (security device),"http://dbpedia.org/resource/Lock,_Ohio"
Lock (security device),http://dbpedia.org/resource/F-Lock
Grease (lubricant),http://dbpedia.org/resource/Grease:_Live
Grease (lubricant),http://dbpedia.org/resource/Grease_(song)
Grease (lubricant),http://dbpedia.org/resource/Grease_(lubricant)
Grease (lubricant),http://dbpedia.org/resource/Grease_fitting
Grease (lubricant),http://dbpedia.org/resource/Grease
Grease (lubricant),http://dbpedia.org/resource/Grease_Dance
Grease (lubricant),http://dbpedia.org/resource/Thermal_grease
Grease (lubricant),http://dbpedia.org/resource/Cork_grease
Grease (lubricant),http://dbpedia.org/resource/Grease_(musical)
Grease (lubricant),http://dbpedia.org/resource/Vacuum_grease
Seal (mechanical),http://dbpedia.org/resource/Popeye_(seal)
Seal (mechanical),http://dbpedia.org/resource/Seal-Lock
Seal (mechanical),"http://dbpedia.org/resource/Seal,_Ohio"
Seal (mechanical),http://dbpedia.org/resource/Hoover_(seal)
Seal (mechanical),http://dbpedia.org/resource/Seal-K
Seal (mechanical),"http://dbpedia.org/resource/Seal,_Kent"
Seal (mechanical),http://dbpedia.org/resource/Gaston_(seal)
Seal (mechanical),http://dbpedia.org/resource/Bulla_(seal)
Seal (mechanical),http://dbpedia.org/resource/Seal_(mechanical)
Seal (mechanical),http://dbpedia.org/resource/Seal_(emblem)
Automatic lubrication system,http://dbpedia.org/resource/Automatic_lubrication_system
Automatic lubrication system,http://dbpedia.org/resource/Automatic_lubrication
Automatic lubrication system,http://dbpedia.org/resource/Automatic_7
Automatic lubrication system,http://dbpedia.org/resource/Automatic_(Cognito_album)
Automatic lubrication system,http://dbpedia.org/resource/Automatic_(Kaskade_album)
Automatic lubrication system,http://dbpedia.org/resource/10_A.M._Automatic
Automatic lubrication system,http://dbpedia.org/resource/Automatic_(Prince_song)
Automatic lubrication system,http://dbpedia.org/resource/Automatic
Automatic lubrication system,http://dbpedia.org/resource/Automatic-tracking_satellite_dish
Automatic lubrication system,http://dbpedia.org/resource/Automatic_(Danny_Fernandes_song)
Automatic lubrication system,http://dbpedia.org/resource/Automatic_(The_Stitches_album)
Automatic lubrication system,http://dbpedia.org/resource/Automatic_(Nicki_Minaj_song)
Condition Monitoring,http://dbpedia.org/resource/Condition_monitoring
Condition Monitoring,http://dbpedia.org/resource/Tensed-S_condition
Condition Monitoring,http://dbpedia.org/resource/Condition_(SQL)
Condition Monitoring,http://dbpedia.org/resource/Condition-based_maintenance
Condition Monitoring,http://dbpedia.org/resource/Condition
Condition Monitoring,http://dbpedia.org/resource/Condition_(philosophy)
Condition Monitoring,http://dbpedia.org/resource/Condition_(film)
Condition Monitoring,http://dbpedia.org/resource/Slater's_condition
Condition Monitoring,http://dbpedia.org/resource/Carleman's_condition
Condition Monitoring,http://dbpedia.org/resource/Krein's_condition
Condition Monitoring,http://dbpedia.org/resource/Mint_condition
Confectionery,http://dbpedia.org/resource/Manner_(confectionery)
Confectionery,http://dbpedia.org/resource/Allen's_(confectionery)
Confectionery,http://dbpedia.org/resource/Confectionery
Confectionery,http://dbpedia.org/resource/Celebrations_(confectionery)
Confectionery,http://dbpedia.org/resource/Munchies_(confectionery)
Confectionery,http://dbpedia.org/resource/Heroes_(confectionery)
Confectionery,http://dbpedia.org/resource/Revels_(confectionery)
Confectionery,http://dbpedia.org/resource/Drops_(confectionery)
Confectionery,http://dbpedia.org/resource/Skittles_(confectionery)
Confectionery,http://dbpedia.org/resource/Fruit_Salad_(confectionery)
Ice cream,http://dbpedia.org/resource/Ice_cream
Ice cream,http://dbpedia.org/resource/Storm_(ice_cream)
Ice cream,http://dbpedia.org/resource/Parlour_(ice_cream)
Ice cream,http://dbpedia.org/resource/Splice_(ice_cream)
Ice cream,http://dbpedia.org/resource/Streets_(ice_cream)
Ice cream,http://dbpedia.org/resource/Eskimo_(ice_cream)
Ice cream,http://dbpedia.org/resource/Ice_Cream_(Battles_song)
Ice cream,http://dbpedia.org/resource/Udders_(ice_cream)
Ice cream,http://dbpedia.org/resource/Twister_(ice_cream)
Ice cream,http://dbpedia.org/resource/Magnum_(ice_cream)
Ice cream,http://dbpedia.org/resource/Ice-ice
Ice cream,http://dbpedia.org/resource/Strudel_(ice)
Ice cream,http://dbpedia.org/resource/Ice
Ice cream,"http://dbpedia.org/resource/Ice,_Kentucky"
Ice cream,http://dbpedia.org/resource/Ice_Ice_Baby
Ice cream,http://dbpedia.org/resource/ICE_(FPGA)
Ice cream,http://dbpedia.org/resource/Ice-Capades
Ice cream,http://dbpedia.org/resource/Under_Pressure_(Ice_Ice_Baby)
Ice cream,http://dbpedia.org/resource/Ice-minus_bacteria
Ice cream,http://dbpedia.org/resource/Ice-sheet_model
Pet foods,http://dbpedia.org/resource/Pet_food
Pet foods,http://dbpedia.org/resource/Artemis_(pet_food)
Pet foods,http://dbpedia.org/resource/Met_Foods
Pet foods,http://dbpedia.org/resource/Solid_Gold_(pet_food)
Pet foods,http://dbpedia.org/resource/Alpo_(pet_food)
Pet foods,http://dbpedia.org/resource/Felix_(pet_food)
Pet foods,"http://dbpedia.org/resource/Pet,_Inc."
Pet foods,http://dbpedia.org/resource/Pet
Pet foods,http://dbpedia.org/resource/PET-CT
Pet foods,http://dbpedia.org/resource/MP-PET
Pet foods,http://dbpedia.org/resource/7-PET
Pet foods,http://dbpedia.org/resource/ChIA-PET
Pet foods,http://dbpedia.org/resource/Pet-friendly_dormitories
Pet foods,"http://dbpedia.org/resource/Pet,_No._9"
Pet foods,http://dbpedia.org/resource/Pet_taxi
Pet foods,http://dbpedia.org/resource/Pet_store
Coffee,http://dbpedia.org/resource/Coffee
Coffee,http://dbpedia.org/resource/Nabob_(coffee)
Coffee,http://dbpedia.org/resource/Coffee_1
Coffee,http://dbpedia.org/resource/Georgia_(coffee)
Coffee,http://dbpedia.org/resource/Bica_(coffee)
Coffee,http://dbpedia.org/resource/MJB_(coffee)
Coffee,http://dbpedia.org/resource/Jacobs_(coffee)
Coffee,http://dbpedia.org/resource/Coffee-Mate
Coffee,http://dbpedia.org/resource/T-Coffee
Coffee,http://dbpedia.org/resource/Gimme!_Coffee
Breakfast cereals,http://dbpedia.org/resource/Breakfast_cereal
Breakfast cereals,http://dbpedia.org/resource/Total_(breakfast_cereal)
Breakfast cereals,http://dbpedia.org/resource/Kaboom_(breakfast_cereal)
Breakfast cereals,http://dbpedia.org/resource/Breakfast_(TVNZ)
Breakfast cereals,http://dbpedia.org/resource/Breakfast_(Syrup)
Breakfast cereals,http://dbpedia.org/resource/Breakfast
Breakfast cereals,http://dbpedia.org/resource/Breakfast_(TV_series)
Breakfast cereals,http://dbpedia.org/resource/Dead_&_Breakfast
Breakfast cereals,http://dbpedia.org/resource/Breakfast_burrito
Breakfast cereals,http://dbpedia.org/resource/Breakfast_News
Breakfast cereals,http://dbpedia.org/resource/Breakfast_sandwich
Breakfast cereals,http://dbpedia.org/resource/Champagne_breakfast
Breakfast cereals,http://dbpedia.org/resource/ITV_Breakfast
Salmon,http://dbpedia.org/resource/Salmon
Salmon,http://dbpedia.org/resource/Billecart-Salmon
Salmon,"http://dbpedia.org/resource/Salmon,_Idaho"
Salmon,http://dbpedia.org/resource/Salmon-Stohlman_House
Salmon,http://dbpedia.org/resource/Salmon_(color)
Salmon,http://dbpedia.org/resource/Salmon-striped_frog
Salmon,"http://dbpedia.org/resource/Cyril_Salmon,_Baron_Salmon"
Salmon,http://dbpedia.org/resource/Salmon_&_Gluckstein
Salmon,http://dbpedia.org/resource/Salmon–Huckleberry_Wilderness
Salmon,http://dbpedia.org/resource/AquAdvantage_salmon
Trout,http://dbpedia.org/resource/Trout
Trout,"http://dbpedia.org/resource/Trout,_Louisiana"
Trout,"http://dbpedia.org/resource/Trout,_Kentucky"
Trout,"http://dbpedia.org/resource/Trout,_West_Virginia"
Trout,http://dbpedia.org/resource/Golden_trout
Trout,http://dbpedia.org/resource/Sea_trout
Trout,http://dbpedia.org/resource/Redband_trout
Trout,http://dbpedia.org/resource/Tiger_trout
Trout,http://dbpedia.org/resource/Trout_tickling
Trout,http://dbpedia.org/resource/Big_Trout
Coho,http://dbpedia.org/resource/Coho_Data
Coho,http://dbpedia.org/resource/Coho_salmon
Coho,http://dbpedia.org/resource/MV_Coho
Coho,http://dbpedia.org/resource/Coho_(disambiguation)
Coho,http://dbpedia.org/resource/Pre-spawn_mortality_in_coho_salmon
Fish feed,http://dbpedia.org/resource/Fish
Fish feed,http://dbpedia.org/resource/Silver_fish_(fish)
Fish feed,http://dbpedia.org/resource/Stareater_(fish)
Fish feed,http://dbpedia.org/resource/Oscar_(fish)
Fish feed,http://dbpedia.org/resource/Q-FISH
Fish feed,http://dbpedia.org/resource/One_Fish_Two_Fish_Red_Fish_Blue_Fish
Fish feed,http://dbpedia.org/resource/Mangar_(fish)
Fish feed,http://dbpedia.org/resource/Gudgeon_(fish)
Fish feed,http://dbpedia.org/resource/El-Fish
Fish feed,http://dbpedia.org/resource/Fish!_Philosophy
Distribution (business),http://dbpedia.org/resource/Matrix_t-distribution
Distribution (business),http://dbpedia.org/resource/Multivariate_t-distribution
Distribution (business),http://dbpedia.org/resource/Gaussian_q-distribution
Distribution (business),http://dbpedia.org/resource/Noncentral_t-distribution
Distribution (business),http://dbpedia.org/resource/Noncentral_F-distribution
Distribution (business),http://dbpedia.org/resource/Fisher's_z-distribution
Distribution (business),http://dbpedia.org/resource/Student's_t-distribution
Distribution (business),http://dbpedia.org/resource/Johnson's_SU-distribution
Distribution (business),http://dbpedia.org/resource/F-distribution
Distribution (business),http://dbpedia.org/resource/K-distribution
Berry,"http://dbpedia.org/resource/Berry,_Wisconsin"
Berry,"http://dbpedia.org/resource/Berry,_Quebec"
Berry,"http://dbpedia.org/resource/Berry,_Kentucky"
Berry,http://dbpedia.org/resource/Berry-Bouy
Berry,http://dbpedia.org/resource/Mornay-Berry
Berry,"http://dbpedia.org/resource/Berry,_Arizona"
Berry,"http://dbpedia.org/resource/Berry,_Alabama"
Berry,http://dbpedia.org/resource/Berry_Berry_Singles
Berry,http://dbpedia.org/resource/Berry-picking_rake
Berry,http://dbpedia.org/resource/Berry–Robbins_problem
Potato,http://dbpedia.org/resource/Potato_(Blackadder)
Potato,http://dbpedia.org/resource/Potato
Potato,"http://dbpedia.org/resource/One_Potato,_Two_Potato"
Potato,http://dbpedia.org/resource/Potato_(band)
Potato,http://dbpedia.org/resource/Potato_(film)
Potato,http://dbpedia.org/resource/BBCH-scale_(potato)
Potato,http://dbpedia.org/resource/Native_potato
Potato,http://dbpedia.org/resource/Potato_tree
Potato,http://dbpedia.org/resource/Laura_potato
Potato,http://dbpedia.org/resource/Potato_cod
Vegetable,http://dbpedia.org/resource/Vegetable
Vegetable,http://dbpedia.org/resource/Marrow_(vegetable)
Vegetable,http://dbpedia.org/resource/Kokoro_(vegetable)
Vegetable,http://dbpedia.org/resource/Yam_(vegetable)
Vegetable,http://dbpedia.org/resource/Animal-Vegetable-Mineral_Man
Vegetable,http://dbpedia.org/resource/Vegetable_oil
Vegetable,http://dbpedia.org/resource/Vegetable_ivory
Vegetable,http://dbpedia.org/resource/Vegetable_chips
Vegetable,http://dbpedia.org/resource/Vegetable_juice
Vegetable,http://dbpedia.org/resource/Vegetable_tarkari
Buses,http://dbpedia.org/resource/Seoul_Buses
Buses,http://dbpedia.org/resource/Customised_buses
Buses,http://dbpedia.org/resource/Buses_Magazine
Buses,http://dbpedia.org/resource/GM_Buses
Buses,http://dbpedia.org/resource/Volvo_Buses
Buses,http://dbpedia.org/resource/Pilkingtons_Buses
Buses,http://dbpedia.org/resource/Central_Buses
Buses,http://dbpedia.org/resource/Busy_Buses
Buses,http://dbpedia.org/resource/Perryman's_Buses
Buses,http://dbpedia.org/resource/Delaine_Buses
